Workbook

Sheet City wise revenue performance 
A3: Row Labels | B3: Sum of revenue_inr
A4: Bengaluru | B4: 179835
A5: Chennai | B5: 175572
A6: Delhi NCR | B6: 140771
A7: Hyderabad | B7: 171638
A8: Mumbai | B8: 151430
A9: Pune | B9: 228727
A10: Grand Total | B10: 1047973
O22: C

Sheet City-Category Data
A1: city | B1: category | C1: bookings_count | D1: revenue_inr | E1: sla_breaches
A2: Bengaluru | B2: AC Repair & Service | C2: 40 | D2: 61229 | E2: 7
A3: Bengaluru | B3: Deep Home Cleaning | C3: 18 | D3: 49592 | E3: 2
A4: Bengaluru | B4: Electrical Repair | C4: 19 | D4: 23082 | E4: 3
A5: Bengaluru | B5: Salon for Men | C5: 14 | D5: 13565 | E5: 3
A6: Bengaluru | B6: Salon for Women | C6: 16 | D6: 32367 | E6: 2
A7: Chennai | B7: Deep Home Cleaning | C7: 37 | D7: 109499 | E7: 5
A8: Chennai | B8: Electrical Repair | C8: 13 | D8: 13044 | E8: 1
A9: Chennai | B9: Plumbing | C9: 63 | D9: 53029 | E9: 9
A10: Delhi NCR | B10: AC Repair & Service | C10: 14 | D10: 22760 | E10: 0
A11: Delhi NCR | B11: Deep Home Cleaning | C11: 25 | D11: 63041 | E11: 0
A12: Delhi NCR | B12: Electrical Repair | C12: 12 | D12: 12585 | E12: 1
A13: Delhi NCR | B13: Plumbing | C13: 19 | D13: 16065 | E13: 3
... A28: Pune | B28: Salon for Women | C28: 24 | D28: 62672 | E28: 1

Sheet Category Reference

Sheet KPI Summary
A1: city | B1: total_revenue | C1: total_sla_breaches | D1: city_category_count | E1: Part A SQL Total | F1: Matches Part A SQL total? | H1: KPI SUMMARY
A2: Bengaluru | B2: =SUMIFS('City-Category Data'!$D$2:$D$28, 'City-Category Data'!$A$2:$A$28, "Bengaluru") -> 179835 | C2: =SUMIFS('City-Category Data'!$E$2:$E$28, 'City-Category Data'!$A$2:$A$28, "Bengaluru") -> 17 | D2: =COUNTIFS('City-Category Data'!$A$2:$A$28, "Bengaluru") -> 5 | E2: 179835 | F2: =IF(B2=E2, "Yes", "No") -> Yes | H2: Total revenue | I2: 1048173
A3: Chennai | B3: =SUMIFS('City-Category Data'!$D$2:$D$28, 'City-Category Data'!$A$2:$A$28, "Chennai") -> 175572 | C3: =SUMIFS('City-Category Data'!$E$2:$E$28, 'City-Category Data'!$A$2:$A$28, "Chennai") -> 15 | D3: =COUNTIFS('City-Category Data'!$A$2:$A$28, "Chennai") -> 3 | E3: 175572 | F3: =IF(B3=E3, "Yes", "No") -> Yes | H3: Total SLA branches | I3: 79
A4: Delhi NCR | B4: =SUMIFS('City-Category Data'!$D$2:$D$28, 'City-Category Data'!$A$2:$A$28, "Delhi NCR") -> 140771 | C4: =SUMIFS('City-Category Data'!$E$2:$E$28, 'City-Category Data'!$A$2:$A$28, "Delhi NCR") -> 6 | D4: =COUNTIFS('City-Category Data'!$A$2:$A$28, "Delhi NCR") -> 5 | E4: 140771 | F4: =IF(B4=E4, "Yes", "No") -> Yes | H4: Total cities | I4: 6
A5: Hyderabad | B5: =SUMIFS('City-Category Data'!$D$2:$D$28, 'City-Category Data'!$A$2:$A$28, "Hyderabad") -> 171638 | C5: =SUMIFS('City-Category Data'!$E$2:$E$28, 'City-Category Data'!$A$2:$A$28, "Hyderabad") -> 14 | D5: =COUNTIFS('City-Category Data'!$A$2:$A$28, "Hyderabad") -> 5 | E5: 171638 | F5: =IF(B5=E5, "Yes", "No") -> Yes | H5: Total bookings | I5: 600
A6: Mumbai | B6: =SUMIFS('City-Category Data'!$D$2:$D$28, 'City-Category Data'!$A$2:$A$28, "Mumbai") -> 151430 | C6: =SUMIFS('City-Category Data'!$E$2:$E$28, 'City-Category Data'!$A$2:$A$28, "Mumbai") -> 13 | D6: =COUNTIFS('City-Category Data'!$A$2:$A$28, "Mumbai") -> 5 | E6: 151430 | F6: =IF(B6=E6, "Yes", "No") -> Yes
A7: Pune | B7: =SUMIFS('City-Category Data'!$D$2:$D$28, 'City-Category Data'!$A$2:$A$28, "Pune") -> 228727 | C7: =SUMIFS('City-Category Data'!$E$2:$E$28, 'City-Category Data'!$A$2:$A$28, "Pune") -> 14 | D7: =COUNTIFS('City-Category Data'!$A$2:$A$28, "Pune") -> 4 | E7: 228727 | F7: =IF(B7=E7, "Yes", "No") -> Yes
